{
  "version": "v20251215T203622Z",
  "logic": "multi_variable_v1",
  "features": [
    "ppm",
    "ph",
    "tempC",
    "humidity",
    "waterTemp",
    "waterLevel"
  ],
  "targets": [
    "phUp",
    "phDown",
    "nutrientAdd",
    "refill"
  ],
  "interactions": [
    "pH + Nutrient: skip if pH unstable",
    "Temp + Nutrient: reduce at high temp",
    "Humidity + WL: more refill at low humidity",
    "WaterTemp: cooling refill"
  ],
  "metrics": {
    "phUp": {
      "mae": 3.7468792403900966,
      "r2": 0.8724390040837787
    },
    "phDown": {
      "mae": 3.8886097684267815,
      "r2": 0.8935533344293265
    },
    "nutrientAdd": {
      "mae": 5.444105915399519,
      "r2": 0.5239711060096891
    },
    "refill": {
      "mae": 19.430384121966224,
      "r2": 0.6346609647593531
    }
  },
  "overall_mae": 8.127494761545655,
  "training_samples": 40000
}